Topik Permasalahan,Rekomendasi
Aplikasi sering force close,Optimalkan kode aplikasi untuk mengurangi crash dan uji kompatibilitas lintas perangkat.
Proses verifikasi SIM lambat,Tingkatkan server dan optimalkan algoritma verifikasi agar lebih cepat dan efisien.
UI/UX membingungkan,Redesign tampilan aplikasi dengan UI/UX yang lebih intuitif berdasarkan feedback pengguna.
Pembayaran sering gagal,Integrasikan payment gateway yang stabil dan uji sistem pembayaran secara berkala.
Notifikasi tidak muncul saat SIM akan kadaluarsa,Tambahkan fitur push notification yang berfungsi di latar belakang untuk pengingat.
Data pengguna sering hilang,Tambahkan mekanisme auto-save dan perbaiki manajemen database untuk menjaga integritas data.
Aplikasi lambat saat diakses di jam sibuk,Tingkatkan performa backend dengan load balancing dan optimasi server.
Proses login sulit (captcha bermasalah),Perbaiki fitur captcha dan sediakan opsi verifikasi lain seperti OTP atau biometrik.
Tidak ada panduan penggunaan aplikasi,Tambahkan tutorial interaktif atau video petunjuk di dalam aplikasi.
Aplikasi tidak mendukung banyak tipe perangkat,Perluas kompatibilitas aplikasi dengan pengujian di berbagai perangkat dan sistem operasi.
Informasi tidak real-time,Tingkatkan sistem pembaruan data agar informasi yang ditampilkan selalu real-time.
Error saat unggah dokumen,Perbaiki sistem upload dan tambahkan validasi dokumen untuk meminimalisir kesalahan.
Koneksi sering terputus,Optimalkan konektivitas dan tambahkan mekanisme reconnect otomatis.
Tidak ada opsi reset password,Tambahkan fitur reset password yang mudah digunakan melalui email atau OTP.
Tampilan error yang tidak informatif,Sediakan pesan error yang jelas agar pengguna tahu langkah penyelesaiannya.
Banyak iklan mengganggu,Kurangi jumlah iklan atau tampilkan iklan yang relevan pada tempat yang tidak mengganggu pengalaman.
Aplikasi tidak responsif di perangkat low-end,Optimalkan performa aplikasi untuk perangkat dengan spesifikasi rendah.
Proses registrasi rumit,Simplifikasi proses registrasi dengan formulir yang lebih ringkas dan otomatisasi data.
Fitur SIM digital sering tidak dapat diakses,Perbaiki fitur SIM digital agar dapat diakses stabil dan cepat.
Waktu loading aplikasi lama,Kurangi elemen berat pada aplikasi dan optimalkan performa frontend.
Aplikasi sering force close,Optimalkan kode aplikasi untuk mengurangi crash dan uji kompatibilitas lintas perangkat.
Proses verifikasi SIM lambat,Tingkatkan server dan optimalkan algoritma verifikasi agar lebih cepat dan efisien.
UI/UX membingungkan,Redesign tampilan aplikasi dengan UI/UX yang lebih intuitif berdasarkan feedback pengguna.
Pembayaran sering gagal,Integrasikan payment gateway yang stabil dan uji sistem pembayaran secara berkala.
Notifikasi tidak muncul saat SIM akan kadaluarsa,Tambahkan fitur push notification yang berfungsi di latar belakang untuk pengingat.
Data pengguna sering hilang,Tambahkan mekanisme auto-save dan perbaiki manajemen database untuk menjaga integritas data.
Aplikasi lambat saat diakses di jam sibuk,Tingkatkan performa backend dengan load balancing dan optimasi server.
Proses login sulit (captcha bermasalah),Perbaiki fitur captcha dan sediakan opsi verifikasi lain seperti OTP atau biometrik.
Tidak ada panduan penggunaan aplikasi,Tambahkan tutorial interaktif atau video petunjuk di dalam aplikasi.
Aplikasi tidak mendukung banyak tipe perangkat,Perluas kompatibilitas aplikasi dengan pengujian di berbagai perangkat dan sistem operasi.
Informasi tidak real-time,Tingkatkan sistem pembaruan data agar informasi yang ditampilkan selalu real-time.
Error saat unggah dokumen,Perbaiki sistem upload dan tambahkan validasi dokumen untuk meminimalisir kesalahan.
Koneksi sering terputus,Optimalkan konektivitas dan tambahkan mekanisme reconnect otomatis.
Tidak ada opsi reset password,Tambahkan fitur reset password yang mudah digunakan melalui email atau OTP.
Tampilan error yang tidak informatif,Sediakan pesan error yang jelas agar pengguna tahu langkah penyelesaiannya.
Banyak iklan mengganggu,Kurangi jumlah iklan atau tampilkan iklan yang relevan pada tempat yang tidak mengganggu pengalaman.
Aplikasi tidak responsif di perangkat low-end,Optimalkan performa aplikasi untuk perangkat dengan spesifikasi rendah.
Proses registrasi rumit,Simplifikasi proses registrasi dengan formulir yang lebih ringkas dan otomatisasi data.
Fitur SIM digital sering tidak dapat diakses,Perbaiki fitur SIM digital agar dapat diakses stabil dan cepat.
Waktu loading aplikasi lama,Kurangi elemen berat pada aplikasi dan optimalkan performa frontend.
Aplikasi sering force close,Optimalkan kode aplikasi untuk mengurangi crash dan uji kompatibilitas lintas perangkat.
Proses verifikasi SIM lambat,Tingkatkan server dan optimalkan algoritma verifikasi agar lebih cepat dan efisien.
UI/UX membingungkan,Redesign tampilan aplikasi dengan UI/UX yang lebih intuitif berdasarkan feedback pengguna.
Pembayaran sering gagal,Integrasikan payment gateway yang stabil dan uji sistem pembayaran secara berkala.
Notifikasi tidak muncul saat SIM akan kadaluarsa,Tambahkan fitur push notification yang berfungsi di latar belakang untuk pengingat.
Data pengguna sering hilang,Tambahkan mekanisme auto-save dan perbaiki manajemen database untuk menjaga integritas data.
Aplikasi lambat saat diakses di jam sibuk,Tingkatkan performa backend dengan load balancing dan optimasi server.
Proses login sulit (captcha bermasalah),Perbaiki fitur captcha dan sediakan opsi verifikasi lain seperti OTP atau biometrik.
Tidak ada panduan penggunaan aplikasi,Tambahkan tutorial interaktif atau video petunjuk di dalam aplikasi.
Aplikasi tidak mendukung banyak tipe perangkat,Perluas kompatibilitas aplikasi dengan pengujian di berbagai perangkat dan sistem operasi.
Informasi tidak real-time,Tingkatkan sistem pembaruan data agar informasi yang ditampilkan selalu real-time.
Error saat unggah dokumen,Perbaiki sistem upload dan tambahkan validasi dokumen untuk meminimalisir kesalahan.
Koneksi sering terputus,Optimalkan konektivitas dan tambahkan mekanisme reconnect otomatis.
Tidak ada opsi reset password,Tambahkan fitur reset password yang mudah digunakan melalui email atau OTP.
Tampilan error yang tidak informatif,Sediakan pesan error yang jelas agar pengguna tahu langkah penyelesaiannya.
Banyak iklan mengganggu,Kurangi jumlah iklan atau tampilkan iklan yang relevan pada tempat yang tidak mengganggu pengalaman.
Aplikasi tidak responsif di perangkat low-end,Optimalkan performa aplikasi untuk perangkat dengan spesifikasi rendah.
Proses registrasi rumit,Simplifikasi proses registrasi dengan formulir yang lebih ringkas dan otomatisasi data.
Fitur SIM digital sering tidak dapat diakses,Perbaiki fitur SIM digital agar dapat diakses stabil dan cepat.
Waktu loading aplikasi lama,Kurangi elemen berat pada aplikasi dan optimalkan performa frontend.
Aplikasi sering force close,Optimalkan kode aplikasi untuk mengurangi crash dan uji kompatibilitas lintas perangkat.
Proses verifikasi SIM lambat,Tingkatkan server dan optimalkan algoritma verifikasi agar lebih cepat dan efisien.
UI/UX membingungkan,Redesign tampilan aplikasi dengan UI/UX yang lebih intuitif berdasarkan feedback pengguna.
Pembayaran sering gagal,Integrasikan payment gateway yang stabil dan uji sistem pembayaran secara berkala.
Notifikasi tidak muncul saat SIM akan kadaluarsa,Tambahkan fitur push notification yang berfungsi di latar belakang untuk pengingat.
Data pengguna sering hilang,Tambahkan mekanisme auto-save dan perbaiki manajemen database untuk menjaga integritas data.
Aplikasi lambat saat diakses di jam sibuk,Tingkatkan performa backend dengan load balancing dan optimasi server.
Proses login sulit (captcha bermasalah),Perbaiki fitur captcha dan sediakan opsi verifikasi lain seperti OTP atau biometrik.
Tidak ada panduan penggunaan aplikasi,Tambahkan tutorial interaktif atau video petunjuk di dalam aplikasi.
Aplikasi tidak mendukung banyak tipe perangkat,Perluas kompatibilitas aplikasi dengan pengujian di berbagai perangkat dan sistem operasi.
Informasi tidak real-time,Tingkatkan sistem pembaruan data agar informasi yang ditampilkan selalu real-time.
Error saat unggah dokumen,Perbaiki sistem upload dan tambahkan validasi dokumen untuk meminimalisir kesalahan.
Koneksi sering terputus,Optimalkan konektivitas dan tambahkan mekanisme reconnect otomatis.
Tidak ada opsi reset password,Tambahkan fitur reset password yang mudah digunakan melalui email atau OTP.
Tampilan error yang tidak informatif,Sediakan pesan error yang jelas agar pengguna tahu langkah penyelesaiannya.
Banyak iklan mengganggu,Kurangi jumlah iklan atau tampilkan iklan yang relevan pada tempat yang tidak mengganggu pengalaman.
Aplikasi tidak responsif di perangkat low-end,Optimalkan performa aplikasi untuk perangkat dengan spesifikasi rendah.
Proses registrasi rumit,Simplifikasi proses registrasi dengan formulir yang lebih ringkas dan otomatisasi data.
Fitur SIM digital sering tidak dapat diakses,Perbaiki fitur SIM digital agar dapat diakses stabil dan cepat.
Waktu loading aplikasi lama,Kurangi elemen berat pada aplikasi dan optimalkan performa frontend.
Aplikasi sering force close,Optimalkan kode aplikasi untuk mengurangi crash dan uji kompatibilitas lintas perangkat.
Proses verifikasi SIM lambat,Tingkatkan server dan optimalkan algoritma verifikasi agar lebih cepat dan efisien.
UI/UX membingungkan,Redesign tampilan aplikasi dengan UI/UX yang lebih intuitif berdasarkan feedback pengguna.
Pembayaran sering gagal,Integrasikan payment gateway yang stabil dan uji sistem pembayaran secara berkala.
Notifikasi tidak muncul saat SIM akan kadaluarsa,Tambahkan fitur push notification yang berfungsi di latar belakang untuk pengingat.
Data pengguna sering hilang,Tambahkan mekanisme auto-save dan perbaiki manajemen database untuk menjaga integritas data.
Aplikasi lambat saat diakses di jam sibuk,Tingkatkan performa backend dengan load balancing dan optimasi server.
Proses login sulit (captcha bermasalah),Perbaiki fitur captcha dan sediakan opsi verifikasi lain seperti OTP atau biometrik.
Tidak ada panduan penggunaan aplikasi,Tambahkan tutorial interaktif atau video petunjuk di dalam aplikasi.
Aplikasi tidak mendukung banyak tipe perangkat,Perluas kompatibilitas aplikasi dengan pengujian di berbagai perangkat dan sistem operasi.
Informasi tidak real-time,Tingkatkan sistem pembaruan data agar informasi yang ditampilkan selalu real-time.
Error saat unggah dokumen,Perbaiki sistem upload dan tambahkan validasi dokumen untuk meminimalisir kesalahan.
Koneksi sering terputus,Optimalkan konektivitas dan tambahkan mekanisme reconnect otomatis.
Tidak ada opsi reset password,Tambahkan fitur reset password yang mudah digunakan melalui email atau OTP.
Tampilan error yang tidak informatif,Sediakan pesan error yang jelas agar pengguna tahu langkah penyelesaiannya.
Banyak iklan mengganggu,Kurangi jumlah iklan atau tampilkan iklan yang relevan pada tempat yang tidak mengganggu pengalaman.
Aplikasi tidak responsif di perangkat low-end,Optimalkan performa aplikasi untuk perangkat dengan spesifikasi rendah.
Proses registrasi rumit,Simplifikasi proses registrasi dengan formulir yang lebih ringkas dan otomatisasi data.
Fitur SIM digital sering tidak dapat diakses,Perbaiki fitur SIM digital agar dapat diakses stabil dan cepat.
Waktu loading aplikasi lama,Kurangi elemen berat pada aplikasi dan optimalkan performa frontend.
